{
  "dependencies": {
    "secrets1": {
      "type": "secrets.user"
    },
    "identityapp1": {
      "secretStore": "LocalSecretsFile",
      "type": "identityapp.secretStore",
      "connectionId": "AzureAD:ClientSecret",
      "dynamicId": null
    },
    "storage1": {
      "secretStore": "LocalSecretsFile",
      "resourceId": "/subscriptions/[parameters('subscriptionId')]/resourceGroups/[parameters('resourceGroupName')]/providers/Microsoft.Storage/storageAccounts/teamkvillestorage",
      "type": "storage.azure",
      "connectionId": "connectionStringBlobTK"
    },
    "mssql1": {
      "secretStore": "LocalSecretsFile",
      "resourceId": "/subscriptions/[parameters('subscriptionId')]/resourceGroups/[parameters('resourceGroupName')]/providers/Microsoft.Sql/servers/teamkville/databases/teamkville-db",
      "type": "mssql.azure",
      "connectionId": "ConnectionStrings",
      "dynamicId": null
    }
  }
}